15.26,10.59,21.18,0.440982059,,14.84,12.41,17.25,0.502066116,,0.871,0.8081,0.9183,0.570780399,,5.763,4.899,6.675,0.486486486,,3.312,2.63,4.033,0.486101212,,2.221,0.7651,8.456,0.189301642,,5.22,4.519,6.55,0.345150172,,1
14.88,10.59,21.18,0.40509915,,14.57,12.41,17.25,0.446280992,,0.8811,0.8081,0.9183,0.662431942,,5.554,4.899,6.675,0.368806306,,3.333,2.63,4.033,0.501069138,,1.018,0.7651,8.456,0.032883018,,4.956,4.519,6.55,0.215164943,,1
14.29,10.59,21.18,0.349386213,,14.09,12.41,17.25,0.347107438,,0.905,0.8081,0.9183,0.879310345,,5.291,4.899,6.675,0.220720721,,3.337,2.63,4.033,0.503920171,,2.699,0.7651,8.456,0.251453016,,4.825,4.519,6.55,0.150664697,,1
13.84,10.59,21.18,0.306893296,,13.94,12.41,17.25,0.316115702,,0.8955,0.8081,0.9183,0.793103448,,5.324,4.899,6.675,0.239301802,,3.379,2.63,4.033,0.533856023,,2.259,0.7651,8.456,0.194242546,,4.805,4.519,6.55,0.140817331,,1
16.14,10.59,21.18,0.52407932,,14.99,12.41,17.25,0.533057851,,0.9034,0.8081,0.9183,0.864791289,,5.658,4.899,6.675,0.427364865,,3.562,2.63,4.033,0.664290805,,1.355,0.7651,8.456,0.076701036,,5.175,4.519,6.55,0.322993599,,1
14.38,10.59,21.18,0.357884797,,14.21,12.41,17.25,0.371900826,,0.8951,0.8081,0.9183,0.789473684,,5.386,4.899,6.675,0.274211712,,3.312,2.63,4.033,0.486101212,,2.462,0.7651,8.456,0.220637377,,4.956,4.519,6.55,0.215164943,,1
14.69,10.59,21.18,0.387157696,,14.49,12.41,17.25,0.429752066,,0.8799,0.8081,0.9183,0.65154265,,5.563,4.899,6.675,0.373873874,,3.259,2.63,4.033,0.448325018,,3.586,0.7651,8.456,0.366784121,,5.219,4.519,6.55,0.344657804,,1
14.11,10.59,21.18,0.332389046,,14.1,12.41,17.25,0.349173554,,0.8911,0.8081,0.9183,0.753176044,,5.42,4.899,6.675,0.293355856,,3.302,2.63,4.033,0.478973628,,2.7,0.7651,8.456,0.25158304,,5,4.519,6.55,0.236829148,,1
16.63,10.59,21.18,0.570349386,,15.46,12.41,17.25,0.630165289,,0.8747,0.8081,0.9183,0.604355717,,6.053,4.899,6.675,0.649774775,,3.465,2.63,4.033,0.595153243,,2.04,0.7651,8.456,0.165767335,,5.877,4.519,6.55,0.66863614,,1
16.44,10.59,21.18,0.552407932,,15.25,12.41,17.25,0.58677686,,0.888,0.8081,0.9183,0.725045372,,5.884,4.899,6.675,0.554617117,,3.505,2.63,4.033,0.623663578,,1.969,0.7651,8.456,0.156535646,,5.533,4.519,6.55,0.499261448,,1
15.26,10.59,21.18,0.440982059,,14.85,12.41,17.25,0.504132231,,0.8696,0.8081,0.9183,0.558076225,,5.714,4.899,6.675,0.458896396,,3.242,2.63,4.033,0.436208125,,4.543,0.7651,8.456,0.491216893,,5.314,4.519,6.55,0.391432792,,1
14.03,10.59,21.18,0.32483475,,14.16,12.41,17.25,0.361570248,,0.8796,0.8081,0.9183,0.648820327,,5.438,4.899,6.675,0.303490991,,3.201,2.63,4.033,0.406985032,,1.717,0.7651,8.456,0.12376965,,5.001,4.519,6.55,0.237321516,,1
13.89,10.59,21.18,0.311614731,,14.02,12.41,17.25,0.332644628,,0.888,0.8081,0.9183,0.725045372,,5.439,4.899,6.675,0.304054054,,3.199,2.63,4.033,0.405559515,,3.986,0.7651,8.456,0.418793639,,4.738,4.519,6.55,0.107828656,,1
13.78,10.59,21.18,0.301227573,,14.06,12.41,17.25,0.340909091,,0.8759,0.8081,0.9183,0.615245009,,5.479,4.899,6.675,0.326576577,,3.156,2.63,4.033,0.374910905,,3.136,0.7651,8.456,0.308273414,,4.872,4.519,6.55,0.173806007,,1
13.74,10.59,21.18,0.297450425,,14.05,12.41,17.25,0.338842975,,0.8744,0.8081,0.9183,0.601633394,,5.482,4.899,6.675,0.328265766,,3.114,2.63,4.033,0.344975053,,2.932,0.7651,8.456,0.28174856,,4.825,4.519,6.55,0.150664697,,1
14.59,10.59,21.18,0.377714825,,14.28,12.41,17.25,0.386363636,,0.8993,0.8081,0.9183,0.827586207,,5.351,4.899,6.675,0.254504505,,3.333,2.63,4.033,0.501069138,,4.185,0.7651,8.456,0.444668374,,4.781,4.519,6.55,0.129000492,,1
13.99,10.59,21.18,0.321057602,,13.83,12.41,17.25,0.29338843,,0.9183,0.8081,0.9183,1,,5.119,4.899,6.675,0.123873874,,3.383,2.63,4.033,0.536707056,,5.234,0.7651,8.456,0.581063335,,4.781,4.519,6.55,0.129000492,,1
15.69,10.59,21.18,0.481586402,,14.75,12.41,17.25,0.483471074,,0.9058,0.8081,0.9183,0.886569873,,5.527,4.899,6.675,0.353603604,,3.514,2.63,4.033,0.630078403,,1.599,0.7651,8.456,0.108426842,,5.046,4.519,6.55,0.25947809,,1
14.7,10.59,21.18,0.388101983,,14.21,12.41,17.25,0.371900826,,0.9153,0.8081,0.9183,0.97277677,,5.205,4.899,6.675,0.172297297,,3.466,2.63,4.033,0.595866001,,1.767,0.7651,8.456,0.13027084,,4.649,4.519,6.55,0.064007878,,1
12.72,10.59,21.18,0.201133144,,13.57,12.41,17.25,0.239669421,,0.8686,0.8081,0.9183,0.549001815,,5.226,4.899,6.675,0.184121622,,3.049,2.63,4.033,0.298645759,,4.102,0.7651,8.456,0.433876399,,4.914,4.519,6.55,0.194485475,,1
14.16,10.59,21.18,0.337110482,,14.4,12.41,17.25,0.411157025,,0.8584,0.8081,0.9183,0.456442831,,5.658,4.899,6.675,0.427364865,,3.129,2.63,4.033,0.355666429,,3.072,0.7651,8.456,0.299951891,,5.176,4.519,6.55,0.323485968,,1
14.11,10.59,21.18,0.332389046,,14.26,12.41,17.25,0.382231405,,0.8722,0.8081,0.9183,0.581669691,,5.52,4.899,6.675,0.349662162,,3.168,2.63,4.033,0.383464006,,2.688,0.7651,8.456,0.250022754,,5.219,4.519,6.55,0.344657804,,1
15.88,10.59,21.18,0.499527856,,14.9,12.41,17.25,0.51446281,,0.8988,0.8081,0.9183,0.823049002,,5.618,4.899,6.675,0.404842342,,3.507,2.63,4.033,0.625089095,,0.7651,0.7651,8.456,0,,5.091,4.519,6.55,0.281634663,,1
12.08,10.59,21.18,0.140698772,,13.23,12.41,17.25,0.169421488,,0.8664,0.8081,0.9183,0.529038113,,5.099,4.899,6.675,0.112612613,,2.936,2.63,4.033,0.218104063,,1.415,0.7651,8.456,0.084502464,,4.961,4.519,6.55,0.217626785,,1
15.01,10.59,21.18,0.417374882,,14.76,12.41,17.25,0.48553719,,0.8657,0.8081,0.9183,0.522686025,,5.789,4.899,6.675,0.501126126,,3.245,2.63,4.033,0.438346401,,1.791,0.7651,8.456,0.133391411,,5.001,4.519,6.55,0.237321516,,1
16.19,10.59,21.18,0.528800755,,15.16,12.41,17.25,0.568181818,,0.8849,0.8081,0.9183,0.696914701,,5.833,4.899,6.675,0.525900901,,3.421,2.63,4.033,0.563791875,,0.903,0.7651,8.456,0.017930281,,5.307,4.519,6.55,0.387986214,,1
13.02,10.59,21.18,0.229461756,,13.76,12.41,17.25,0.27892562,,0.8641,0.8081,0.9183,0.508166969,,5.395,4.899,6.675,0.279279279,,3.026,2.63,4.033,0.282252316,,3.373,0.7651,8.456,0.339089053,,4.825,4.519,6.55,0.150664697,,1
12.74,10.59,21.18,0.203021719,,13.67,12.41,17.25,0.260330579,,0.8564,0.8081,0.9183,0.438294011,,5.395,4.899,6.675,0.279279279,,2.956,2.63,4.033,0.23235923,,2.504,0.7651,8.456,0.226098376,,4.869,4.519,6.55,0.172328902,,1
14.11,10.59,21.18,0.332389046,,14.18,12.41,17.25,0.365702479,,0.882,0.8081,0.9183,0.670598911,,5.541,4.899,6.675,0.361486486,,3.221,2.63,4.033,0.4212402,,2.754,0.7651,8.456,0.258604325,,5.038,4.519,6.55,0.255539143,,1
13.45,10.59,21.18,0.2700661,,14.02,12.41,17.25,0.332644628,,0.8604,0.8081,0.9183,0.474591652,,5.516,4.899,6.675,0.34740991,,3.065,2.63,4.033,0.310049893,,3.531,0.7651,8.456,0.359632813,,5.097,4.519,6.55,0.284588872,,1
13.16,10.59,21.18,0.242681775,,13.82,12.41,17.25,0.291322314,,0.8662,0.8081,0.9183,0.52722323,,5.454,4.899,6.675,0.3125,,2.975,2.63,4.033,0.245901639,,0.8551,0.7651,8.456,0.011702141,,5.056,4.519,6.55,0.264401773,,1
15.49,10.59,21.18,0.462700661,,14.94,12.41,17.25,0.522727273,,0.8724,0.8081,0.9183,0.583484574,,5.757,4.899,6.675,0.483108108,,3.371,2.63,4.033,0.528153956,,3.412,0.7651,8.456,0.344159981,,5.228,4.519,6.55,0.349089119,,1
14.09,10.59,21.18,0.330500472,,14.41,12.41,17.25,0.41322314,,0.8529,0.8081,0.9183,0.406533575,,5.717,4.899,6.675,0.460585586,,3.186,2.63,4.033,0.396293656,,3.92,0.7651,8.456,0.410212069,,5.299,4.519,6.55,0.384047267,,1
13.94,10.59,21.18,0.316336166,,14.17,12.41,17.25,0.363636364,,0.8728,0.8081,0.9183,0.587114338,,5.585,4.899,6.675,0.386261261,,3.15,2.63,4.033,0.370634355,,2.124,0.7651,8.456,0.176689334,,5.012,4.519,6.55,0.242737568,,1
15.05,10.59,21.18,0.42115203,,14.68,12.41,17.25,0.469008264,,0.8779,0.8081,0.9183,0.633393829,,5.712,4.899,6.675,0.45777027,,3.328,2.63,4.033,0.497505346,,2.129,0.7651,8.456,0.177339453,,5.36,4.519,6.55,0.414081733,,1
16.12,10.59,21.18,0.522190746,,15,12.41,17.25,0.535123967,,0.9,0.8081,0.9183,0.833938294,,5.709,4.899,6.675,0.456081081,,3.485,2.63,4.033,0.609408411,,2.27,0.7651,8.456,0.195672808,,5.443,4.519,6.55,0.454948301,,1
16.2,10.59,21.18,0.529745042,,15.27,12.41,17.25,0.590909091,,0.8734,0.8081,0.9183,0.592558984,,5.826,4.899,6.675,0.521959459,,3.464,2.63,4.033,0.594440485,,2.823,0.7651,8.456,0.267575966,,5.527,4.519,6.55,0.496307238,,1
17.08,10.59,21.18,0.612842304,,15.38,12.41,17.25,0.613636364,,0.9079,0.8081,0.9183,0.905626134,,5.832,4.899,6.675,0.525337838,,3.683,2.63,4.033,0.750534569,,2.956,0.7651,8.456,0.284869131,,5.484,4.519,6.55,0.475135401,,1
14.8,10.59,21.18,0.397544854,,14.52,12.41,17.25,0.435950413,,0.8823,0.8081,0.9183,0.673321234,,5.656,4.899,6.675,0.426238739,,3.288,2.63,4.033,0.468995011,,3.112,0.7651,8.456,0.305152843,,5.309,4.519,6.55,0.38897095,,1
14.28,10.59,21.18,0.348441926,,14.17,12.41,17.25,0.363636364,,0.8944,0.8081,0.9183,0.783121597,,5.397,4.899,6.675,0.280405405,,3.298,2.63,4.033,0.476122594,,6.685,0.7651,8.456,0.76972786,,5.001,4.519,6.55,0.237321516,,1
13.54,10.59,21.18,0.278564684,,13.85,12.41,17.25,0.297520661,,0.8871,0.8081,0.9183,0.716878403,,5.348,4.899,6.675,0.252815315,,3.156,2.63,4.033,0.374910905,,2.587,0.7651,8.456,0.236890351,,5.178,4.519,6.55,0.324470704,,1
13.5,10.59,21.18,0.274787535,,13.85,12.41,17.25,0.297520661,,0.8852,0.8081,0.9183,0.699637024,,5.351,4.899,6.675,0.254504505,,3.158,2.63,4.033,0.376336422,,2.249,0.7651,8.456,0.192942308,,5.176,4.519,6.55,0.323485968,,1
13.16,10.59,21.18,0.242681775,,13.55,12.41,17.25,0.23553719,,0.9009,0.8081,0.9183,0.842105263,,5.138,4.899,6.675,0.134572072,,3.201,2.63,4.033,0.406985032,,2.461,0.7651,8.456,0.220507353,,4.783,4.519,6.55,0.129985229,,1
15.5,10.59,21.18,0.463644948,,14.86,12.41,17.25,0.506198347,,0.882,0.8081,0.9183,0.670598911,,5.877,4.899,6.675,0.550675676,,3.396,2.63,4.033,0.545972915,,4.711,0.7651,8.456,0.51306089,,5.528,4.519,6.55,0.496799606,,1
15.11,10.59,21.18,0.426817753,,14.54,12.41,17.25,0.440082645,,0.8986,0.8081,0.9183,0.82123412,,5.579,4.899,6.675,0.382882883,,3.462,2.63,4.033,0.593014968,,3.128,0.7651,8.456,0.307233224,,5.18,4.519,6.55,0.325455441,,1
13.8,10.59,21.18,0.303116147,,14.04,12.41,17.25,0.33677686,,0.8794,0.8081,0.9183,0.647005445,,5.376,4.899,6.675,0.268581081,,3.155,2.63,4.033,0.374198147,,1.56,0.7651,8.456,0.103355914,,4.961,4.519,6.55,0.217626785,,1
15.36,10.59,21.18,0.450424929,,14.76,12.41,17.25,0.48553719,,0.8861,0.8081,0.9183,0.707803993,,5.701,4.899,6.675,0.451576577,,3.393,2.63,4.033,0.54383464,,1.367,0.7651,8.456,0.078261322,,5.132,4.519,6.55,0.301821763,,1
14.99,10.59,21.18,0.415486308,,14.56,12.41,17.25,0.444214876,,0.8883,0.8081,0.9183,0.727767695,,5.57,4.899,6.675,0.377815315,,3.377,2.63,4.033,0.532430506,,2.958,0.7651,8.456,0.285129179,,5.175,4.519,6.55,0.322993599,,1
14.79,10.59,21.18,0.396600567,,14.52,12.41,17.25,0.435950413,,0.8819,0.8081,0.9183,0.66969147,,5.545,4.899,6.675,0.363738739,,3.291,2.63,4.033,0.471133286,,2.704,0.7651,8.456,0.252103135,,5.111,4.519,6.55,0.291482029,,1
14.86,10.59,21.18,0.403210576,,14.67,12.41,17.25,0.466942149,,0.8676,0.8081,0.9183,0.539927405,,5.678,4.899,6.675,0.438626126,,3.258,2.63,4.033,0.447612259,,2.129,0.7651,8.456,0.177339453,,5.351,4.519,6.55,0.409650419,,1
14.43,10.59,21.18,0.362606232,,14.4,12.41,17.25,0.411157025,,0.8751,0.8081,0.9183,0.607985481,,5.585,4.899,6.675,0.386261261,,3.272,2.63,4.033,0.457590877,,3.975,0.7651,8.456,0.417363377,,5.144,4.519,6.55,0.307730182,,1
15.78,10.59,21.18,0.490084986,,14.91,12.41,17.25,0.516528926,,0.8923,0.8081,0.9183,0.764065336,,5.674,4.899,6.675,0.436373874,,3.434,2.63,4.033,0.573057733,,5.593,0.7651,8.456,0.627741877,,5.136,4.519,6.55,0.303791236,,1
14.49,10.59,21.18,0.368271955,,14.61,12.41,17.25,0.454545455,,0.8538,0.8081,0.9183,0.414700544,,5.715,4.899,6.675,0.459459459,,3.113,2.63,4.033,0.344262295,,4.116,0.7651,8.456,0.435696733,,5.396,4.519,6.55,0.431806992,,1
14.33,10.59,21.18,0.353163362,,14.28,12.41,17.25,0.386363636,,0.8831,0.8081,0.9183,0.680580762,,5.504,4.899,6.675,0.340653153,,3.199,2.63,4.033,0.405559515,,3.328,0.7651,8.456,0.333237983,,5.224,4.519,6.55,0.347119645,,1
14.52,10.59,21.18,0.371104816,,14.6,12.41,17.25,0.452479339,,0.8557,0.8081,0.9183,0.431941924,,5.741,4.899,6.675,0.474099099,,3.113,2.63,4.033,0.344262295,,1.481,0.7651,8.456,0.093084034,,5.487,4.519,6.55,0.476612506,,1
15.03,10.59,21.18,0.419263456,,14.77,12.41,17.25,0.487603306,,0.8658,0.8081,0.9183,0.523593466,,5.702,4.899,6.675,0.45213964,,3.212,2.63,4.033,0.414825374,,1.933,0.7651,8.456,0.151854789,,5.439,4.519,6.55,0.452978828,,1
14.46,10.59,21.18,0.365439093,,14.35,12.41,17.25,0.400826446,,0.8818,0.8081,0.9183,0.668784029,,5.388,4.899,6.675,0.275337838,,3.377,2.63,4.033,0.532430506,,2.802,0.7651,8.456,0.264845467,,5.044,4.519,6.55,0.258493353,,1
14.92,10.59,21.18,0.408876298,,14.43,12.41,17.25,0.417355372,,0.9006,0.8081,0.9183,0.83938294,,5.384,4.899,6.675,0.273085586,,3.412,2.63,4.033,0.557377049,,1.142,0.7651,8.456,0.049005968,,5.088,4.519,6.55,0.280157558,,1
15.38,10.59,21.18,0.452313503,,14.77,12.41,17.25,0.487603306,,0.8857,0.8081,0.9183,0.704174229,,5.662,4.899,6.675,0.429617117,,3.419,2.63,4.033,0.562366358,,1.999,0.7651,8.456,0.16043636,,5.222,4.519,6.55,0.346134909,,1
12.11,10.59,21.18,0.143531634,,13.47,12.41,17.25,0.219008264,,0.8392,0.8081,0.9183,0.282214156,,5.159,4.899,6.675,0.146396396,,3.032,2.63,4.033,0.286528867,,1.502,0.7651,8.456,0.095814534,,4.519,4.519,6.55,0,,1
11.42,10.59,21.18,0.078375826,,12.86,12.41,17.25,0.092975207,,0.8683,0.8081,0.9183,0.546279492,,5.008,4.899,6.675,0.061373874,,2.85,2.63,4.033,0.156806842,,2.7,0.7651,8.456,0.25158304,,4.607,4.519,6.55,0.04332841,,1
11.23,10.59,21.18,0.060434372,,12.63,12.41,17.25,0.045454545,,0.884,0.8081,0.9183,0.688747731,,4.902,4.899,6.675,0.001689189,,2.879,2.63,4.033,0.177476835,,2.269,0.7651,8.456,0.195542784,,4.703,4.519,6.55,0.090595766,,1
12.36,10.59,21.18,0.16713881,,13.19,12.41,17.25,0.161157025,,0.8923,0.8081,0.9183,0.764065336,,5.076,4.899,6.675,0.099662162,,3.042,2.63,4.033,0.29365645,,3.22,0.7651,8.456,0.319195413,,4.605,4.519,6.55,0.042343673,,1
13.22,10.59,21.18,0.248347498,,13.84,12.41,17.25,0.295454545,,0.868,0.8081,0.9183,0.543557169,,5.395,4.899,6.675,0.279279279,,3.07,2.63,4.033,0.313613685,,4.157,0.7651,8.456,0.441027708,,5.088,4.519,6.55,0.280157558,,1
12.78,10.59,21.18,0.206798867,,13.57,12.41,17.25,0.239669421,,0.8716,0.8081,0.9183,0.576225045,,5.262,4.899,6.675,0.204391892,,3.026,2.63,4.033,0.282252316,,1.176,0.7651,8.456,0.053426777,,4.782,4.519,6.55,0.129492861,,1
12.88,10.59,21.18,0.216241737,,13.5,12.41,17.25,0.225206612,,0.8879,0.8081,0.9183,0.724137931,,5.139,4.899,6.675,0.135135135,,3.119,2.63,4.033,0.348538845,,2.352,0.7651,8.456,0.206334759,,4.607,4.519,6.55,0.04332841,,1
14.34,10.59,21.18,0.354107649,,14.37,12.41,17.25,0.404958678,,0.8726,0.8081,0.9183,0.585299456,,5.63,4.899,6.675,0.411599099,,3.19,2.63,4.033,0.39914469,,1.313,0.7651,8.456,0.071240037,,5.15,4.519,6.55,0.310684392,,1
14.01,10.59,21.18,0.322946176,,14.29,12.41,17.25,0.388429752,,0.8625,0.8081,0.9183,0.493647913,,5.609,4.899,6.675,0.399774775,,3.158,2.63,4.033,0.376336422,,2.217,0.7651,8.456,0.188781547,,5.132,4.519,6.55,0.301821763,,1
14.37,10.59,21.18,0.35694051,,14.39,12.41,17.25,0.409090909,,0.8726,0.8081,0.9183,0.585299456,,5.569,4.899,6.675,0.377252252,,3.153,2.63,4.033,0.37277263,,1.464,0.7651,8.456,0.09087363,,5.3,4.519,6.55,0.384539636,,1
12.73,10.59,21.18,0.202077432,,13.75,12.41,17.25,0.276859504,,0.8458,0.8081,0.9183,0.342105263,,5.412,4.899,6.675,0.288851351,,2.882,2.63,4.033,0.17961511,,3.533,0.7651,8.456,0.35989286,,5.067,4.519,6.55,0.269817824,,1
17.63,10.59,21.18,0.664778093,,15.98,12.41,17.25,0.737603306,,0.8673,0.8081,0.9183,0.537205082,,6.191,4.899,6.675,0.727477477,,3.561,2.63,4.033,0.663578047,,4.076,0.7651,8.456,0.430495781,,6.06,4.519,6.55,0.758739537,,2
16.84,10.59,21.18,0.590179415,,15.67,12.41,17.25,0.673553719,,0.8623,0.8081,0.9183,0.491833031,,5.998,4.899,6.675,0.618806306,,3.484,2.63,4.033,0.608695652,,4.675,0.7651,8.456,0.508380034,,5.877,4.519,6.55,0.66863614,,2
17.26,10.59,21.18,0.629839471,,15.73,12.41,17.25,0.685950413,,0.8763,0.8081,0.9183,0.618874773,,5.978,4.899,6.675,0.607545045,,3.594,2.63,4.033,0.687099073,,4.539,0.7651,8.456,0.490696798,,5.791,4.519,6.55,0.626292467,,2
19.11,10.59,21.18,0.804532578,,16.26,12.41,17.25,0.795454545,,0.9081,0.8081,0.9183,0.907441016,,6.154,4.899,6.675,0.706644144,,3.93,2.63,4.033,0.926585887,,2.936,0.7651,8.456,0.282268655,,6.079,4.519,6.55,0.768094535,,2
16.82,10.59,21.18,0.58829084,,15.51,12.41,17.25,0.640495868,,0.8786,0.8081,0.9183,0.639745917,,6.017,4.899,6.675,0.629504505,,3.486,2.63,4.033,0.610121169,,4.004,0.7651,8.456,0.421134068,,5.841,4.519,6.55,0.650910881,,2
16.77,10.59,21.18,0.583569405,,15.62,12.41,17.25,0.66322314,,0.8638,0.8081,0.9183,0.505444646,,5.927,4.899,6.675,0.578828829,,3.438,2.63,4.033,0.575908767,,4.92,0.7651,8.456,0.540235863,,5.795,4.519,6.55,0.62826194,,2
17.32,10.59,21.18,0.635505194,,15.91,12.41,17.25,0.723140496,,0.8599,0.8081,0.9183,0.470054446,,6.064,4.899,6.675,0.655968468,,3.403,2.63,4.033,0.550962224,,3.824,0.7651,8.456,0.397729785,,5.922,4.519,6.55,0.690792713,,2
20.71,10.59,21.18,0.955618508,,17.23,12.41,17.25,0.995867769,,0.8763,0.8081,0.9183,0.618874773,,6.579,4.899,6.675,0.945945946,,3.814,2.63,4.033,0.843905916,,4.451,0.7651,8.456,0.479254704,,6.451,4.519,6.55,0.951255539,,2
18.94,10.59,21.18,0.788479698,,16.49,12.41,17.25,0.842975207,,0.875,0.8081,0.9183,0.60707804,,6.445,4.899,6.675,0.870495495,,3.639,2.63,4.033,0.7191732,,5.064,0.7651,8.456,0.55895929,,6.362,4.519,6.55,0.907434761,,2
17.12,10.59,21.18,0.616619452,,15.55,12.41,17.25,0.648760331,,0.8892,0.8081,0.9183,0.735934664,,5.85,4.899,6.675,0.535472973,,3.566,2.63,4.033,0.667141839,,2.858,0.7651,8.456,0.272126799,,5.746,4.519,6.55,0.604135894,,2
16.53,10.59,21.18,0.560906516,,15.34,12.41,17.25,0.605371901,,0.8823,0.8081,0.9183,0.673321234,,5.875,4.899,6.675,0.54954955,,3.467,2.63,4.033,0.59657876,,5.532,0.7651,8.456,0.619810425,,5.88,4.519,6.55,0.670113245,,2
18.72,10.59,21.18,0.767705382,,16.19,12.41,17.25,0.780991736,,0.8977,0.8081,0.9183,0.813067151,,6.006,4.899,6.675,0.623310811,,3.857,2.63,4.033,0.874554526,,5.324,0.7651,8.456,0.592765476,,5.879,4.519,6.55,0.669620876,,2
20.2,10.59,21.18,0.907459868,,16.89,12.41,17.25,0.925619835,,0.8894,0.8081,0.9183,0.737749546,,6.285,4.899,6.675,0.780405405,,3.864,2.63,4.033,0.879543835,,5.173,0.7651,8.456,0.573131883,,6.187,4.519,6.55,0.82127031,,2
19.57,10.59,21.18,0.847969783,,16.74,12.41,17.25,0.894628099,,0.8779,0.8081,0.9183,0.633393829,,6.384,4.899,6.675,0.836148649,,3.772,2.63,4.033,0.813970064,,1.472,0.7651,8.456,0.09191382,,6.273,4.519,6.55,0.863613983,,2
19.51,10.59,21.18,0.84230406,,16.71,12.41,17.25,0.888429752,,0.878,0.8081,0.9183,0.63430127,,6.366,4.899,6.675,0.826013514,,3.801,2.63,4.033,0.834640057,,2.962,0.7651,8.456,0.285649274,,6.185,4.519,6.55,0.820285574,,2
18.27,10.59,21.18,0.725212465,,16.09,12.41,17.25,0.760330579,,0.887,0.8081,0.9183,0.715970962,,6.173,4.899,6.675,0.717342342,,3.651,2.63,4.033,0.727726301,,2.443,0.7651,8.456,0.218166925,,6.197,4.519,6.55,0.826193993,,2
18.88,10.59,21.18,0.782813975,,16.26,12.41,17.25,0.795454545,,0.8969,0.8081,0.9183,0.805807623,,6.084,4.899,6.675,0.66722973,,3.764,2.63,4.033,0.808267997,,1.649,0.7651,8.456,0.114928032,,6.109,4.519,6.55,0.782865583,,2
18.98,10.59,21.18,0.792256846,,16.66,12.41,17.25,0.878099174,,0.859,0.8081,0.9183,0.461887477,,6.549,4.899,6.675,0.929054054,,3.67,2.63,4.033,0.74126871,,3.691,0.7651,8.456,0.38043662,,6.498,4.519,6.55,0.974396849,,2
21.18,10.59,21.18,1,,17.21,12.41,17.25,0.991735537,,0.8989,0.8081,0.9183,0.823956443,,6.573,4.899,6.675,0.942567568,,4.033,2.63,4.033,1,,5.78,0.7651,8.456,0.652056326,,6.231,4.519,6.55,0.842934515,,2
20.88,10.59,21.18,0.971671388,,17.05,12.41,17.25,0.958677686,,0.9031,0.8081,0.9183,0.862068966,,6.45,4.899,6.675,0.873310811,,4.032,2.63,4.033,0.999287242,,5.016,0.7651,8.456,0.552718147,,6.321,4.519,6.55,0.887247661,,2
20.1,10.59,21.18,0.898016997,,16.99,12.41,17.25,0.946280992,,0.8746,0.8081,0.9183,0.603448276,,6.581,4.899,6.675,0.947072072,,3.785,2.63,4.033,0.823235923,,1.955,0.7651,8.456,0.154715313,,6.449,4.519,6.55,0.950270803,,2
18.76,10.59,21.18,0.771482531,,16.2,12.41,17.25,0.783057851,,0.8984,0.8081,0.9183,0.819419238,,6.172,4.899,6.675,0.716779279,,3.796,2.63,4.033,0.831076265,,3.12,0.7651,8.456,0.306193033,,6.053,4.519,6.55,0.755292959,,2
18.81,10.59,21.18,0.776203966,,16.29,12.41,17.25,0.801652893,,0.8906,0.8081,0.9183,0.748638838,,6.272,4.899,6.675,0.773085586,,3.693,2.63,4.033,0.757662153,,3.237,0.7651,8.456,0.321405817,,6.053,4.519,6.55,0.755292959,,2
18.59,10.59,21.18,0.755429651,,16.05,12.41,17.25,0.752066116,,0.9066,0.8081,0.9183,0.893829401,,6.037,4.899,6.675,0.640765766,,3.86,2.63,4.033,0.876692801,,6.001,0.7651,8.456,0.680791585,,5.877,4.519,6.55,0.66863614,,2
18.36,10.59,21.18,0.733711048,,16.52,12.41,17.25,0.849173554,,0.8452,0.8081,0.9183,0.336660617,,6.666,4.899,6.675,0.994932432,,3.485,2.63,4.033,0.609408411,,4.933,0.7651,8.456,0.541926172,,6.448,4.519,6.55,0.949778434,,2
16.87,10.59,21.18,0.593012276,,15.65,12.41,17.25,0.669421488,,0.8648,0.8081,0.9183,0.514519056,,6.139,4.899,6.675,0.698198198,,3.463,2.63,4.033,0.593727726,,3.696,0.7651,8.456,0.381086739,,5.967,4.519,6.55,0.712949286,,2
19.31,10.59,21.18,0.823418319,,16.59,12.41,17.25,0.863636364,,0.8815,0.8081,0.9183,0.666061706,,6.341,4.899,6.675,0.811936937,,3.81,2.63,4.033,0.841054882,,3.477,0.7651,8.456,0.352611528,,6.238,4.519,6.55,0.846381093,,2
18.98,10.59,21.18,0.792256846,,16.57,12.41,17.25,0.859504132,,0.8687,0.8081,0.9183,0.549909256,,6.449,4.899,6.675,0.872747748,,3.552,2.63,4.033,0.657163222,,2.144,0.7651,8.456,0.17928981,,6.453,4.519,6.55,0.952240276,,2
18.17,10.59,21.18,0.715769594,,16.26,12.41,17.25,0.795454545,,0.8637,0.8081,0.9183,0.504537205,,6.271,4.899,6.675,0.772522523,,3.512,2.63,4.033,0.628652887,,2.853,0.7651,8.456,0.27147668,,6.273,4.519,6.55,0.863613983,,2
18.72,10.59,21.18,0.767705382,,16.34,12.41,17.25,0.811983471,,0.881,0.8081,0.9183,0.661524501,,6.219,4.899,6.675,0.743243243,,3.684,2.63,4.033,0.751247327,,2.188,0.7651,8.456,0.185010857,,6.097,4.519,6.55,0.776957164,,2
16.41,10.59,21.18,0.549575071,,15.25,12.41,17.25,0.58677686,,0.8866,0.8081,0.9183,0.712341198,,5.718,4.899,6.675,0.461148649,,3.525,2.63,4.033,0.637918746,,4.217,0.7651,8.456,0.448829136,,5.618,4.519,6.55,0.541112752,,2
17.99,10.59,21.18,0.698772427,,15.86,12.41,17.25,0.712809917,,0.8992,0.8081,0.9183,0.826678766,,5.89,4.899,6.675,0.557995495,,3.694,2.63,4.033,0.758374911,,2.068,0.7651,8.456,0.169408002,,5.837,4.519,6.55,0.648941408,,2
19.46,10.59,21.18,0.837582625,,16.5,12.41,17.25,0.845041322,,0.8985,0.8081,0.9183,0.820326679,,6.113,4.899,6.675,0.683558559,,3.892,2.63,4.033,0.899501069,,4.308,0.7651,8.456,0.460661301,,6.009,4.519,6.55,0.733628754,,2
19.18,10.59,21.18,0.811142587,,16.63,12.41,17.25,0.871900826,,0.8717,0.8081,0.9183,0.577132486,,6.369,4.899,6.675,0.827702703,,3.681,2.63,4.033,0.749109052,,3.357,0.7651,8.456,0.337008673,,6.229,4.519,6.55,0.841949778,,2
18.95,10.59,21.18,0.789423985,,16.42,12.41,17.25,0.828512397,,0.8829,0.8081,0.9183,0.67876588,,6.248,4.899,6.675,0.759572072,,3.755,2.63,4.033,0.801853172,,3.368,0.7651,8.456,0.338438934,,6.148,4.519,6.55,0.802067947,,2
18.83,10.59,21.18,0.77809254,,16.29,12.41,17.25,0.801652893,,0.8917,0.8081,0.9183,0.75862069,,6.037,4.899,6.675,0.640765766,,3.786,2.63,4.033,0.823948681,,2.553,0.7651,8.456,0.232469542,,5.879,4.519,6.55,0.669620876,,2
18.85,10.59,21.18,0.779981114,,16.17,12.41,17.25,0.776859504,,0.9056,0.8081,0.9183,0.884754991,,6.152,4.899,6.675,0.705518018,,3.806,2.63,4.033,0.838203849,,2.843,0.7651,8.456,0.270176442,,6.2,4.519,6.55,0.827671098,,2
17.63,10.59,21.18,0.664778093,,15.86,12.41,17.25,0.712809917,,0.88,0.8081,0.9183,0.652450091,,6.033,4.899,6.675,0.638513514,,3.573,2.63,4.033,0.672131148,,3.747,0.7651,8.456,0.387717952,,5.929,4.519,6.55,0.694239291,,2
19.94,10.59,21.18,0.882908404,,16.92,12.41,17.25,0.931818182,,0.8752,0.8081,0.9183,0.608892922,,6.675,4.899,6.675,1,,3.763,2.63,4.033,0.807555239,,3.252,0.7651,8.456,0.323356174,,6.55,4.519,6.55,1,,2
18.55,10.59,21.18,0.751652502,,16.22,12.41,17.25,0.787190083,,0.8865,0.8081,0.9183,0.711433757,,6.153,4.899,6.675,0.706081081,,3.674,2.63,4.033,0.744119743,,1.738,0.7651,8.456,0.12650015,,5.894,4.519,6.55,0.677006401,,2
18.45,10.59,21.18,0.742209632,,16.12,12.41,17.25,0.766528926,,0.8921,0.8081,0.9183,0.762250454,,6.107,4.899,6.675,0.68018018,,3.769,2.63,4.033,0.811831789,,2.235,0.7651,8.456,0.191121975,,5.794,4.519,6.55,0.627769572,,2
19.38,10.59,21.18,0.830028329,,16.72,12.41,17.25,0.890495868,,0.8716,0.8081,0.9183,0.576225045,,6.303,4.899,6.675,0.790540541,,3.791,2.63,4.033,0.827512473,,3.678,0.7651,8.456,0.378746311,,5.965,4.519,6.55,0.711964549,,2
19.13,10.59,21.18,0.806421152,,16.31,12.41,17.25,0.805785124,,0.9035,0.8081,0.9183,0.86569873,,6.183,4.899,6.675,0.722972973,,3.902,2.63,4.033,0.906628653,,2.109,0.7651,8.456,0.174738977,,5.924,4.519,6.55,0.69177745,,2
19.14,10.59,21.18,0.807365439,,16.61,12.41,17.25,0.867768595,,0.8722,0.8081,0.9183,0.581669691,,6.259,4.899,6.675,0.765765766,,3.737,2.63,4.033,0.789023521,,6.682,0.7651,8.456,0.769337789,,6.053,4.519,6.55,0.755292959,,2
20.97,10.59,21.18,0.980169972,,17.25,12.41,17.25,1,,0.8859,0.8081,0.9183,0.705989111,,6.563,4.899,6.675,0.936936937,,3.991,2.63,4.033,0.970064148,,4.677,0.7651,8.456,0.508640081,,6.316,4.519,6.55,0.88478582,,2
19.06,10.59,21.18,0.799811143,,16.45,12.41,17.25,0.834710744,,0.8854,0.8081,0.9183,0.701451906,,6.416,4.899,6.675,0.854166667,,3.719,2.63,4.033,0.77619387,,2.248,0.7651,8.456,0.192812285,,6.163,4.519,6.55,0.809453471,,2
18.96,10.59,21.18,0.790368272,,16.2,12.41,17.25,0.783057851,,0.9077,0.8081,0.9183,0.903811252,,6.051,4.899,6.675,0.648648649,,3.897,2.63,4.033,0.903064861,,4.334,0.7651,8.456,0.46404192,,5.75,4.519,6.55,0.606105367,,2
19.15,10.59,21.18,0.808309726,,16.45,12.41,17.25,0.834710744,,0.889,0.8081,0.9183,0.734119782,,6.245,4.899,6.675,0.757882883,,3.815,2.63,4.033,0.844618674,,3.084,0.7651,8.456,0.301512177,,6.185,4.519,6.55,0.820285574,,2
18.89,10.59,21.18,0.783758263,,16.23,12.41,17.25,0.789256198,,0.9008,0.8081,0.9183,0.841197822,,6.227,4.899,6.675,0.747747748,,3.769,2.63,4.033,0.811831789,,3.639,0.7651,8.456,0.373675383,,5.966,4.519,6.55,0.712456918,,2
20.03,10.59,21.18,0.891406988,,16.9,12.41,17.25,0.92768595,,0.8811,0.8081,0.9183,0.662431942,,6.493,4.899,6.675,0.897522523,,3.857,2.63,4.033,0.874554526,,3.063,0.7651,8.456,0.298781677,,6.32,4.519,6.55,0.886755293,,2
20.24,10.59,21.18,0.911237016,,16.91,12.41,17.25,0.929752066,,0.8897,0.8081,0.9183,0.740471869,,6.315,4.899,6.675,0.797297297,,3.962,2.63,4.033,0.949394155,,5.901,0.7651,8.456,0.667789205,,6.188,4.519,6.55,0.821762678,,2
18.14,10.59,21.18,0.712936733,,16.12,12.41,17.25,0.766528926,,0.8772,0.8081,0.9183,0.627041742,,6.059,4.899,6.675,0.653153153,,3.563,2.63,4.033,0.665003564,,3.619,0.7651,8.456,0.371074907,,6.011,4.519,6.55,0.734613491,,2
16.17,10.59,21.18,0.526912181,,15.38,12.41,17.25,0.613636364,,0.8588,0.8081,0.9183,0.460072595,,5.762,4.899,6.675,0.485923423,,3.387,2.63,4.033,0.53955809,,4.286,0.7651,8.456,0.457800778,,5.703,4.519,6.55,0.582964057,,2
18.43,10.59,21.18,0.740321058,,15.97,12.41,17.25,0.73553719,,0.9077,0.8081,0.9183,0.903811252,,5.98,4.899,6.675,0.608671171,,3.771,2.63,4.033,0.813257306,,2.984,0.7651,8.456,0.288509797,,5.905,4.519,6.55,0.682422452,,2
15.99,10.59,21.18,0.509915014,,14.89,12.41,17.25,0.512396694,,0.9064,0.8081,0.9183,0.892014519,,5.363,4.899,6.675,0.261261261,,3.582,2.63,4.033,0.678545973,,3.336,0.7651,8.456,0.334278173,,5.144,4.519,6.55,0.307730182,,2
18.75,10.59,21.18,0.770538244,,16.18,12.41,17.25,0.77892562,,0.8999,0.8081,0.9183,0.833030853,,6.111,4.899,6.675,0.682432432,,3.869,2.63,4.033,0.883107627,,4.188,0.7651,8.456,0.445058446,,5.992,4.519,6.55,0.725258493,,2
18.65,10.59,21.18,0.761095373,,16.41,12.41,17.25,0.826446281,,0.8698,0.8081,0.9183,0.559891107,,6.285,4.899,6.675,0.780405405,,3.594,2.63,4.033,0.687099073,,4.391,0.7651,8.456,0.471453276,,6.102,4.519,6.55,0.779419005,,2
17.98,10.59,21.18,0.69782814,,15.85,12.41,17.25,0.710743802,,0.8993,0.8081,0.9183,0.827586207,,5.979,4.899,6.675,0.608108108,,3.687,2.63,4.033,0.753385602,,2.257,0.7651,8.456,0.193982499,,5.919,4.519,6.55,0.689315608,,2
20.16,10.59,21.18,0.90368272,,17.03,12.41,17.25,0.954545455,,0.8735,0.8081,0.9183,0.593466425,,6.513,4.899,6.675,0.908783784,,3.773,2.63,4.033,0.814682823,,1.91,0.7651,8.456,0.148864242,,6.185,4.519,6.55,0.820285574,,2
17.55,10.59,21.18,0.657223796,,15.66,12.41,17.25,0.671487603,,0.8991,0.8081,0.9183,0.825771325,,5.791,4.899,6.675,0.502252252,,3.69,2.63,4.033,0.755523877,,5.366,0.7651,8.456,0.598226475,,5.661,4.519,6.55,0.562284589,,2
18.3,10.59,21.18,0.728045326,,15.89,12.41,17.25,0.719008264,,0.9108,0.8081,0.9183,0.931941924,,5.979,4.899,6.675,0.608108108,,3.755,2.63,4.033,0.801853172,,2.837,0.7651,8.456,0.2693963,,5.962,4.519,6.55,0.710487445,,2
18.94,10.59,21.18,0.788479698,,16.32,12.41,17.25,0.80785124,,0.8942,0.8081,0.9183,0.781306715,,6.144,4.899,6.675,0.701013514,,3.825,2.63,4.033,0.851746258,,2.908,0.7651,8.456,0.278627989,,5.949,4.519,6.55,0.704086657,,2
15.38,10.59,21.18,0.452313503,,14.9,12.41,17.25,0.51446281,,0.8706,0.8081,0.9183,0.567150635,,5.884,4.899,6.675,0.554617117,,3.268,2.63,4.033,0.454739843,,4.462,0.7651,8.456,0.480684965,,5.795,4.519,6.55,0.62826194,,2
16.16,10.59,21.18,0.525967894,,15.33,12.41,17.25,0.603305785,,0.8644,0.8081,0.9183,0.510889292,,5.845,4.899,6.675,0.532657658,,3.395,2.63,4.033,0.545260157,,4.266,0.7651,8.456,0.455200302,,5.795,4.519,6.55,0.62826194,,2
15.56,10.59,21.18,0.46931067,,14.89,12.41,17.25,0.512396694,,0.8823,0.8081,0.9183,0.673321234,,5.776,4.899,6.675,0.493806306,,3.408,2.63,4.033,0.554526016,,4.972,0.7651,8.456,0.5469971,,5.847,4.519,6.55,0.653865091,,2
15.38,10.59,21.18,0.452313503,,14.66,12.41,17.25,0.464876033,,0.899,0.8081,0.9183,0.824863884,,5.477,4.899,6.675,0.32545045,,3.465,2.63,4.033,0.595153243,,3.6,0.7651,8.456,0.368604455,,5.439,4.519,6.55,0.452978828,,2
17.36,10.59,21.18,0.639282342,,15.76,12.41,17.25,0.69214876,,0.8785,0.8081,0.9183,0.638838475,,6.145,4.899,6.675,0.701576577,,3.574,2.63,4.033,0.672843906,,3.526,0.7651,8.456,0.358982694,,5.971,4.519,6.55,0.714918759,,2
15.57,10.59,21.18,0.470254958,,15.15,12.41,17.25,0.566115702,,0.8527,0.8081,0.9183,0.404718693,,5.92,4.899,6.675,0.574887387,,3.231,2.63,4.033,0.428367783,,2.64,0.7651,8.456,0.243781612,,5.879,4.519,6.55,0.669620876,,2
15.6,10.59,21.18,0.473087819,,15.11,12.41,17.25,0.55785124,,0.858,0.8081,0.9183,0.452813067,,5.832,4.899,6.675,0.525337838,,3.286,2.63,4.033,0.467569494,,2.725,0.7651,8.456,0.254833635,,5.752,4.519,6.55,0.607090103,,2
16.23,10.59,21.18,0.532577904,,15.18,12.41,17.25,0.57231405,,0.885,0.8081,0.9183,0.697822142,,5.872,4.899,6.675,0.54786036,,3.472,2.63,4.033,0.600142552,,3.769,0.7651,8.456,0.390578476,,5.922,4.519,6.55,0.690792713,,2
13.07,10.59,21.18,0.234183192,,13.92,12.41,17.25,0.311983471,,0.848,0.8081,0.9183,0.362068966,,5.472,4.899,6.675,0.322635135,,2.994,2.63,4.033,0.259444048,,5.304,0.7651,8.456,0.590165,,5.395,4.519,6.55,0.431314623,,3
13.32,10.59,21.18,0.257790368,,13.94,12.41,17.25,0.316115702,,0.8613,0.8081,0.9183,0.482758621,,5.541,4.899,6.675,0.361486486,,3.073,2.63,4.033,0.31575196,,7.035,0.7651,8.456,0.815236188,,5.44,4.519,6.55,0.453471196,,3
13.34,10.59,21.18,0.259678942,,13.95,12.41,17.25,0.318181818,,0.862,0.8081,0.9183,0.489110708,,5.389,4.899,6.675,0.275900901,,3.074,2.63,4.033,0.316464718,,5.995,0.7651,8.456,0.680011442,,5.307,4.519,6.55,0.387986214,,3
12.22,10.59,21.18,0.153918791,,13.32,12.41,17.25,0.188016529,,0.8652,0.8081,0.9183,0.51814882,,5.224,4.899,6.675,0.182995495,,2.967,2.63,4.033,0.240199572,,5.469,0.7651,8.456,0.611618926,,5.221,4.519,6.55,0.345642541,,3
11.82,10.59,21.18,0.116147309,,13.4,12.41,17.25,0.204545455,,0.8274,0.8081,0.9183,0.175136116,,5.314,4.899,6.675,0.233671171,,2.777,2.63,4.033,0.104775481,,4.471,0.7651,8.456,0.481855179,,5.178,4.519,6.55,0.324470704,,3
11.21,10.59,21.18,0.058545798,,13.13,12.41,17.25,0.148760331,,0.8167,0.8081,0.9183,0.078039927,,5.279,4.899,6.675,0.213963964,,2.687,2.63,4.033,0.040627227,,6.169,0.7651,8.456,0.702635582,,5.275,4.519,6.55,0.372230428,,3
11.43,10.59,21.18,0.079320113,,13.13,12.41,17.25,0.148760331,,0.8335,0.8081,0.9183,0.230490018,,5.176,4.899,6.675,0.155968468,,2.719,2.63,4.033,0.063435495,,2.221,0.7651,8.456,0.189301642,,5.132,4.519,6.55,0.301821763,,3
12.49,10.59,21.18,0.179414542,,13.46,12.41,17.25,0.216942149,,0.8658,0.8081,0.9183,0.523593466,,5.267,4.899,6.675,0.207207207,,2.967,2.63,4.033,0.240199572,,4.421,0.7651,8.456,0.47535399,,5.002,4.519,6.55,0.237813885,,3
12.7,10.59,21.18,0.19924457,,13.71,12.41,17.25,0.268595041,,0.8491,0.8081,0.9183,0.372050817,,5.386,4.899,6.675,0.274211712,,2.911,2.63,4.033,0.200285103,,3.26,0.7651,8.456,0.324396365,,5.316,4.519,6.55,0.392417528,,3
10.79,10.59,21.18,0.018885741,,12.93,12.41,17.25,0.107438017,,0.8107,0.8081,0.9183,0.023593466,,5.317,4.899,6.675,0.23536036,,2.648,2.63,4.033,0.012829651,,5.462,0.7651,8.456,0.61070876,,5.194,4.519,6.55,0.332348597,,3
11.83,10.59,21.18,0.117091596,,13.23,12.41,17.25,0.169421488,,0.8496,0.8081,0.9183,0.376588022,,5.263,4.899,6.675,0.204954955,,2.84,2.63,4.033,0.149679259,,5.195,0.7651,8.456,0.575992407,,5.307,4.519,6.55,0.387986214,,3
12.01,10.59,21.18,0.134088763,,13.52,12.41,17.25,0.229338843,,0.8249,0.8081,0.9183,0.152450091,,5.405,4.899,6.675,0.28490991,,2.776,2.63,4.033,0.104062723,,6.992,0.7651,8.456,0.809645165,,5.27,4.519,6.55,0.369768587,,3
12.26,10.59,21.18,0.15769594,,13.6,12.41,17.25,0.245867769,,0.8333,0.8081,0.9183,0.228675136,,5.408,4.899,6.675,0.286599099,,2.833,2.63,4.033,0.14468995,,4.756,0.7651,8.456,0.518911961,,5.36,4.519,6.55,0.414081733,,3
11.18,10.59,21.18,0.055712937,,13.04,12.41,17.25,0.130165289,,0.8266,0.8081,0.9183,0.167876588,,5.22,4.899,6.675,0.180743243,,2.693,2.63,4.033,0.044903778,,3.332,0.7651,8.456,0.333758078,,5.001,4.519,6.55,0.237321516,,3
11.36,10.59,21.18,0.072710104,,13.05,12.41,17.25,0.132231405,,0.8382,0.8081,0.9183,0.273139746,,5.175,4.899,6.675,0.155405405,,2.755,2.63,4.033,0.089094797,,4.048,0.7651,8.456,0.426855114,,5.263,4.519,6.55,0.366322009,,3
11.19,10.59,21.18,0.056657224,,13.05,12.41,17.25,0.132231405,,0.8253,0.8081,0.9183,0.156079855,,5.25,4.899,6.675,0.197635135,,2.675,2.63,4.033,0.032074127,,5.813,0.7651,8.456,0.656347112,,5.219,4.519,6.55,0.344657804,,3
11.34,10.59,21.18,0.07082153,,12.87,12.41,17.25,0.095041322,,0.8596,0.8081,0.9183,0.467332123,,5.053,4.899,6.675,0.086711712,,2.849,2.63,4.033,0.156094084,,3.347,0.7651,8.456,0.335708435,,5.003,4.519,6.55,0.238306253,,3
12.13,10.59,21.18,0.145420208,,13.73,12.41,17.25,0.272727273,,0.8081,0.8081,0.9183,0,,5.394,4.899,6.675,0.278716216,,2.745,2.63,4.033,0.081967213,,4.825,0.7651,8.456,0.527883603,,5.22,4.519,6.55,0.345150172,,3
11.75,10.59,21.18,0.109537299,,13.52,12.41,17.25,0.229338843,,0.8082,0.8081,0.9183,0.000907441,,5.444,4.899,6.675,0.306869369,,2.678,2.63,4.033,0.034212402,,4.378,0.7651,8.456,0.469762967,,5.31,4.519,6.55,0.389463319,,3
11.49,10.59,21.18,0.084985836,,13.22,12.41,17.25,0.167355372,,0.8263,0.8081,0.9183,0.165154265,,5.304,4.899,6.675,0.228040541,,2.695,2.63,4.033,0.046329294,,5.388,0.7651,8.456,0.601086999,,5.31,4.519,6.55,0.389463319,,3
12.54,10.59,21.18,0.184135977,,13.67,12.41,17.25,0.260330579,,0.8425,0.8081,0.9183,0.31215971,,5.451,4.899,6.675,0.310810811,,2.879,2.63,4.033,0.177476835,,3.082,0.7651,8.456,0.301252129,,5.491,4.519,6.55,0.478581979,,3
12.02,10.59,21.18,0.13503305,,13.33,12.41,17.25,0.190082645,,0.8503,0.8081,0.9183,0.382940109,,5.35,4.899,6.675,0.253941441,,2.81,2.63,4.033,0.128296507,,4.271,0.7651,8.456,0.455850421,,5.308,4.519,6.55,0.388478582,,3
12.05,10.59,21.18,0.137865911,,13.41,12.41,17.25,0.20661157,,0.8416,0.8081,0.9183,0.30399274,,5.267,4.899,6.675,0.207207207,,2.847,2.63,4.033,0.154668567,,4.988,0.7651,8.456,0.549077481,,5.046,4.519,6.55,0.25947809,,3
12.55,10.59,21.18,0.185080264,,13.57,12.41,17.25,0.239669421,,0.8558,0.8081,0.9183,0.432849365,,5.333,4.899,6.675,0.244369369,,2.968,2.63,4.033,0.240912331,,4.419,0.7651,8.456,0.475093942,,5.176,4.519,6.55,0.323485968,,3
11.14,10.59,21.18,0.051935788,,12.79,12.41,17.25,0.078512397,,0.8558,0.8081,0.9183,0.432849365,,5.011,4.899,6.675,0.063063063,,2.794,2.63,4.033,0.116892373,,6.388,0.7651,8.456,0.731110793,,5.049,4.519,6.55,0.260955194,,3
12.1,10.59,21.18,0.142587347,,13.15,12.41,17.25,0.152892562,,0.8793,0.8081,0.9183,0.646098004,,5.105,4.899,6.675,0.115990991,,2.941,2.63,4.033,0.221667855,,2.201,0.7651,8.456,0.186701166,,5.056,4.519,6.55,0.264401773,,3
12.44,10.59,21.18,0.174693107,,13.59,12.41,17.25,0.243801653,,0.8462,0.8081,0.9183,0.345735027,,5.319,4.899,6.675,0.236486486,,2.897,2.63,4.033,0.190306486,,4.924,0.7651,8.456,0.540755958,,5.27,4.519,6.55,0.369768587,,3
12.15,10.59,21.18,0.147308782,,13.45,12.41,17.25,0.214876033,,0.8443,0.8081,0.9183,0.328493648,,5.417,4.899,6.675,0.291666667,,2.837,2.63,4.033,0.147540984,,3.638,0.7651,8.456,0.373545359,,5.338,4.519,6.55,0.403249631,,3
11.35,10.59,21.18,0.071765817,,13.12,12.41,17.25,0.146694215,,0.8291,0.8081,0.9183,0.190562613,,5.176,4.899,6.675,0.155968468,,2.668,2.63,4.033,0.027084818,,4.337,0.7651,8.456,0.464431991,,5.132,4.519,6.55,0.301821763,,3
11.24,10.59,21.18,0.061378659,,13,12.41,17.25,0.121900826,,0.8359,0.8081,0.9183,0.252268603,,5.09,4.899,6.675,0.107545045,,2.715,2.63,4.033,0.060584462,,3.521,0.7651,8.456,0.358332575,,5.088,4.519,6.55,0.280157558,,3
11.02,10.59,21.18,0.040604344,,13,12.41,17.25,0.121900826,,0.8189,0.8081,0.9183,0.09800363,,5.325,4.899,6.675,0.239864865,,2.701,2.63,4.033,0.050605845,,6.735,0.7651,8.456,0.77622905,,5.163,4.519,6.55,0.31708518,,3
11.55,10.59,21.18,0.090651558,,13.1,12.41,17.25,0.142561983,,0.8455,0.8081,0.9183,0.33938294,,5.167,4.899,6.675,0.150900901,,2.845,2.63,4.033,0.153243051,,6.715,0.7651,8.456,0.773628574,,4.956,4.519,6.55,0.215164943,,3
11.27,10.59,21.18,0.06421152,,12.97,12.41,17.25,0.115702479,,0.8419,0.8081,0.9183,0.306715064,,5.088,4.899,6.675,0.106418919,,2.763,2.63,4.033,0.094796864,,4.309,0.7651,8.456,0.460791325,,5,4.519,6.55,0.236829148,,3
11.4,10.59,21.18,0.076487252,,13.08,12.41,17.25,0.138429752,,0.8375,0.8081,0.9183,0.266787659,,5.136,4.899,6.675,0.133445946,,2.763,2.63,4.033,0.094796864,,5.588,0.7651,8.456,0.627091758,,5.089,4.519,6.55,0.280649926,,3
10.83,10.59,21.18,0.02266289,,12.96,12.41,17.25,0.113636364,,0.8099,0.8081,0.9183,0.016333938,,5.278,4.899,6.675,0.213400901,,2.641,2.63,4.033,0.007840342,,5.182,0.7651,8.456,0.574302097,,5.185,4.519,6.55,0.327917282,,3
10.8,10.59,21.18,0.019830028,,12.57,12.41,17.25,0.033057851,,0.859,0.8081,0.9183,0.461887477,,4.981,4.899,6.675,0.046171171,,2.821,2.63,4.033,0.13613685,,4.773,0.7651,8.456,0.521122365,,5.063,4.519,6.55,0.267848351,,3
11.26,10.59,21.18,0.063267233,,13.01,12.41,17.25,0.123966942,,0.8355,0.8081,0.9183,0.248638838,,5.186,4.899,6.675,0.161599099,,2.71,2.63,4.033,0.05702067,,5.335,0.7651,8.456,0.594195738,,5.092,4.519,6.55,0.282127031,,3
10.74,10.59,21.18,0.014164306,,12.73,12.41,17.25,0.066115702,,0.8329,0.8081,0.9183,0.225045372,,5.145,4.899,6.675,0.138513514,,2.642,2.63,4.033,0.0085531,,4.702,0.7651,8.456,0.511890676,,4.963,4.519,6.55,0.218611521,,3
11.48,10.59,21.18,0.084041549,,13.05,12.41,17.25,0.132231405,,0.8473,0.8081,0.9183,0.355716878,,5.18,4.899,6.675,0.158220721,,2.758,2.63,4.033,0.091233072,,5.876,0.7651,8.456,0.664538611,,5.002,4.519,6.55,0.237813885,,3
12.21,10.59,21.18,0.152974504,,13.47,12.41,17.25,0.219008264,,0.8453,0.8081,0.9183,0.337568058,,5.357,4.899,6.675,0.257882883,,2.893,2.63,4.033,0.187455453,,1.661,0.7651,8.456,0.116488317,,5.178,4.519,6.55,0.324470704,,3
11.41,10.59,21.18,0.077431539,,12.95,12.41,17.25,0.111570248,,0.856,0.8081,0.9183,0.434664247,,5.09,4.899,6.675,0.107545045,,2.775,2.63,4.033,0.103349964,,4.957,0.7651,8.456,0.545046744,,4.825,4.519,6.55,0.150664697,,3
12.46,10.59,21.18,0.176581681,,13.41,12.41,17.25,0.20661157,,0.8706,0.8081,0.9183,0.567150635,,5.236,4.899,6.675,0.189752252,,3.017,2.63,4.033,0.275837491,,4.987,0.7651,8.456,0.548947457,,5.147,4.519,6.55,0.309207287,,3
12.19,10.59,21.18,0.15108593,,13.36,12.41,17.25,0.196280992,,0.8579,0.8081,0.9183,0.451905626,,5.24,4.899,6.675,0.192004505,,2.909,2.63,4.033,0.198859587,,4.857,0.7651,8.456,0.532044364,,5.158,4.519,6.55,0.314623338,,3
11.65,10.59,21.18,0.100094429,,13.07,12.41,17.25,0.136363636,,0.8575,0.8081,0.9183,0.448275862,,5.108,4.899,6.675,0.11768018,,2.85,2.63,4.033,0.156806842,,5.209,0.7651,8.456,0.57781274,,5.135,4.519,6.55,0.303298868,,3
12.89,10.59,21.18,0.217186025,,13.77,12.41,17.25,0.280991736,,0.8541,0.8081,0.9183,0.417422868,,5.495,4.899,6.675,0.335585586,,3.026,2.63,4.033,0.282252316,,6.185,0.7651,8.456,0.704715963,,5.316,4.519,6.55,0.392417528,,3
11.56,10.59,21.18,0.091595845,,13.31,12.41,17.25,0.185950413,,0.8198,0.8081,0.9183,0.106170599,,5.363,4.899,6.675,0.261261261,,2.683,2.63,4.033,0.037776194,,4.062,0.7651,8.456,0.428675448,,5.182,4.519,6.55,0.326440177,,3
11.81,10.59,21.18,0.115203022,,13.45,12.41,17.25,0.214876033,,0.8198,0.8081,0.9183,0.106170599,,5.413,4.899,6.675,0.289414414,,2.716,2.63,4.033,0.06129722,,4.898,0.7651,8.456,0.53737534,,5.352,4.519,6.55,0.410142787,,3
10.91,10.59,21.18,0.030217186,,12.8,12.41,17.25,0.080578512,,0.8372,0.8081,0.9183,0.264065336,,5.088,4.899,6.675,0.106418919,,2.675,2.63,4.033,0.032074127,,4.179,0.7651,8.456,0.443888232,,4.956,4.519,6.55,0.215164943,,3
11.23,10.59,21.18,0.060434372,,12.82,12.41,17.25,0.084710744,,0.8594,0.8081,0.9183,0.465517241,,5.089,4.899,6.675,0.106981982,,2.821,2.63,4.033,0.13613685,,7.524,0.7651,8.456,0.878817824,,4.957,4.519,6.55,0.215657312,,3
10.59,10.59,21.18,0,,12.41,12.41,17.25,0,,0.8648,0.8081,0.9183,0.514519056,,4.899,4.899,6.675,0,,2.787,2.63,4.033,0.111903065,,4.975,0.7651,8.456,0.547387172,,4.794,4.519,6.55,0.13540128,,3
10.93,10.59,21.18,0.03210576,,12.8,12.41,17.25,0.080578512,,0.839,0.8081,0.9183,0.280399274,,5.046,4.899,6.675,0.08277027,,2.717,2.63,4.033,0.062009979,,5.398,0.7651,8.456,0.602387237,,5.045,4.519,6.55,0.258985721,,3
11.27,10.59,21.18,0.06421152,,12.86,12.41,17.25,0.092975207,,0.8563,0.8081,0.9183,0.43738657,,5.091,4.899,6.675,0.108108108,,2.804,2.63,4.033,0.124019957,,3.985,0.7651,8.456,0.418663615,,5.001,4.519,6.55,0.237321516,,3
11.87,10.59,21.18,0.120868744,,13.02,12.41,17.25,0.126033058,,0.8795,0.8081,0.9183,0.647912886,,5.132,4.899,6.675,0.131193694,,2.953,2.63,4.033,0.230220955,,3.597,0.7651,8.456,0.368214383,,5.132,4.519,6.55,0.301821763,,3
10.82,10.59,21.18,0.021718602,,12.83,12.41,17.25,0.08677686,,0.8256,0.8081,0.9183,0.158802178,,5.18,4.899,6.675,0.158220721,,2.63,2.63,4.033,0,,4.853,0.7651,8.456,0.531524269,,5.089,4.519,6.55,0.280649926,,3
12.11,10.59,21.18,0.143531634,,13.27,12.41,17.25,0.17768595,,0.8639,0.8081,0.9183,0.506352087,,5.236,4.899,6.675,0.189752252,,2.975,2.63,4.033,0.245901639,,4.132,0.7651,8.456,0.437777113,,5.012,4.519,6.55,0.242737568,,3
12.8,10.59,21.18,0.208687441,,13.47,12.41,17.25,0.219008264,,0.886,0.8081,0.9183,0.706896552,,5.16,4.899,6.675,0.146959459,,3.126,2.63,4.033,0.353528154,,4.873,0.7651,8.456,0.534124745,,4.914,4.519,6.55,0.194485475,,3
12.79,10.59,21.18,0.207743154,,13.53,12.41,17.25,0.231404959,,0.8786,0.8081,0.9183,0.639745917,,5.224,4.899,6.675,0.182995495,,3.054,2.63,4.033,0.302209551,,5.483,0.7651,8.456,0.613439259,,4.958,4.519,6.55,0.21614968,,3
13.37,10.59,21.18,0.262511804,,13.78,12.41,17.25,0.283057851,,0.8849,0.8081,0.9183,0.696914701,,5.32,4.899,6.675,0.23704955,,3.128,2.63,4.033,0.354953671,,4.67,0.7651,8.456,0.507729915,,5.091,4.519,6.55,0.281634663,,3
12.62,10.59,21.18,0.191690274,,13.67,12.41,17.25,0.260330579,,0.8481,0.8081,0.9183,0.362976407,,5.41,4.899,6.675,0.287725225,,2.911,2.63,4.033,0.200285103,,3.306,0.7651,8.456,0.330377459,,5.231,4.519,6.55,0.350566224,,3
12.76,10.59,21.18,0.204910293,,13.38,12.41,17.25,0.200413223,,0.8964,0.8081,0.9183,0.801270417,,5.073,4.899,6.675,0.097972973,,3.155,2.63,4.033,0.374198147,,2.828,0.7651,8.456,0.268226085,,4.83,4.519,6.55,0.153126539,,3
12.38,10.59,21.18,0.169027384,,13.44,12.41,17.25,0.212809917,,0.8609,0.8081,0.9183,0.479128857,,5.219,4.899,6.675,0.18018018,,2.989,2.63,4.033,0.255880257,,5.472,0.7651,8.456,0.612008998,,5.045,4.519,6.55,0.258985721,,3
12.67,10.59,21.18,0.196411709,,13.32,12.41,17.25,0.188016529,,0.8977,0.8081,0.9183,0.813067151,,4.984,4.899,6.675,0.04786036,,3.135,2.63,4.033,0.359942979,,2.3,0.7651,8.456,0.199573522,,4.745,4.519,6.55,0.111275234,,3
11.18,10.59,21.18,0.055712937,,12.72,12.41,17.25,0.064049587,,0.868,0.8081,0.9183,0.543557169,,5.009,4.899,6.675,0.061936937,,2.81,2.63,4.033,0.128296507,,4.051,0.7651,8.456,0.427245186,,4.828,4.519,6.55,0.152141802,,3
12.7,10.59,21.18,0.19924457,,13.41,12.41,17.25,0.20661157,,0.8874,0.8081,0.9183,0.719600726,,5.183,4.899,6.675,0.15990991,,3.091,2.63,4.033,0.328581611,,8.456,0.7651,8.456,1,,5,4.519,6.55,0.236829148,,3
12.37,10.59,21.18,0.168083097,,13.47,12.41,17.25,0.219008264,,0.8567,0.8081,0.9183,0.441016334,,5.204,4.899,6.675,0.171734234,,2.96,2.63,4.033,0.235210264,,3.919,0.7651,8.456,0.410082045,,5.001,4.519,6.55,0.237321516,,3
12.19,10.59,21.18,0.15108593,,13.2,12.41,17.25,0.16322314,,0.8783,0.8081,0.9183,0.637023593,,5.137,4.899,6.675,0.134009009,,2.981,2.63,4.033,0.25017819,,3.631,0.7651,8.456,0.372635192,,4.87,4.519,6.55,0.17282127,,3
11.23,10.59,21.18,0.060434372,,12.88,12.41,17.25,0.097107438,,0.8511,0.8081,0.9183,0.390199637,,5.14,4.899,6.675,0.135698198,,2.795,2.63,4.033,0.117605132,,4.325,0.7651,8.456,0.462871706,,5.003,4.519,6.55,0.238306253,,3
13.2,10.59,21.18,0.246458924,,13.66,12.41,17.25,0.258264463,,0.8883,0.8081,0.9183,0.727767695,,5.236,4.899,6.675,0.189752252,,3.232,2.63,4.033,0.429080542,,8.315,0.7651,8.456,0.981666645,,5.056,4.519,6.55,0.264401773,,3
11.84,10.59,21.18,0.118035883,,13.21,12.41,17.25,0.165289256,,0.8521,0.8081,0.9183,0.399274047,,5.175,4.899,6.675,0.155405405,,2.836,2.63,4.033,0.146828225,,3.598,0.7651,8.456,0.368344407,,5.044,4.519,6.55,0.258493353,,3
12.3,10.59,21.18,0.161473088,,13.34,12.41,17.25,0.19214876,,0.8684,0.8081,0.9183,0.547186933,,5.243,4.899,6.675,0.193693694,,2.974,2.63,4.033,0.245188881,,5.637,0.7651,8.456,0.633462924,,5.063,4.519,6.55,0.267848351,,3
